Month,Net_Revenue
Dec,166018.18
Feb,155898.12
Aug,152800.65
Jul,116868.23000000001
Oct,90629.7
Sep,79455.23
Jun,52879.35
Apr,31553.090000000004
Mar,26923.28
Nov,22860.52
Jan,17650.91
